{
    "accuracy": 0.9495798319327731,
    "precision": 0.9649122807017544,
    "recall": 0.8461538461538461,
    "f1": 0.9016393442622951
}